{
    "$schema": "https://schema.management.azure.com/schemas/2015-01-01/deploymentTemplate.json#",
    "contentVersion": "1.0.0.0",
    "parameters": {
        "ApimServiceName": {
          "type": "string"
        }
    },
    "resources": [
        {
            "type": "Microsoft.ApiManagement/service/groups/users",
            "name": "[concat(parameters('ApimServiceName'), '/contosogroup/john-doe-contoso-com')]",
            "apiVersion": "2018-01-01",
            "scale": null,
            "properties": {}
        }
    ]
}